{"E68": -4.133314469232496, "E32": -3.9930256242077067, "E50": -4.1325800750746415, "E67": -4.068140971579195, "E33": -4.116799218328741, "E24": -3.9493005368982503, "E17": -4.064476705484507, "E12": -4.116919663977788, "E27": -4.076550674963995, "E42": -4.124779913649523, "E52": -4.169342049059921, "E55": -4.1389628143083605, "E35": -4.017478827340261, "E10": -3.9276361297180697, "E31": -4.002327022319659, "E28": -4.095116214922445, "E36": -4.123809157597073, "E25": -4.155851331941659, "E65": -4.150979062949, "E58": -4.0696334234950475, "E26": -4.179292379913089, "E16": -4.161754759247761, "E59": -4.060825817230776, "E37": -3.772375334922616, "E38": -4.118969462730108, "E44": -4.047140143014972, "E40": -4.140934958420996, "E30": -4.078635215382983, "E18": -3.983493673197895, "E60": -4.079911243628742, "E13": -3.9447271258067, "E34": -4.097476098023536, "E29": -4.080956479192227, "E22": -4.067911561162957, "E57": -4.092879472568987, "E47": -4.077939885652801, "E64": -4.077360813310486, "E56": -4.088303879439153, "E49": -4.249109767043837, "E51": -4.218646435289382, "E48": -4.0689443227442235, "E69": -4.166173679385796, "E53": -4.276283458816582, "E14": -4.201066179462649, "E63": -4.123930450580422, "E41": -4.195187267762873, "E61": -4.129281959338427, "E39": -4.15409957974195, "E21": -4.031535724736221, "E20": -4.065620346963227, "E62": -4.158108103210406, "E45": -4.137855190048915, "E23": -4.0828173776124705, "E11": -4.0353030422113, "E19": -4.080607945932817, "E43": -4.135520893270552, "E54": -4.233694415062034, "E46": -4.086432752709162, "E66": -4.150356126406088, "E15": -4.107210267952914}